{"cameraMode":{"drawMode":0,"name":"Shaded","section":"Shading Mode"},"sceneLighting":true,"audioPlay":false,"sceneViewState":{"showFog":true,"showMaterialUpdate":false,"showSkybox":true,"showFlares":true,"showImageEffects":true,"showParticleSystems":true},"in2DMode":false,"pivot":{"x":-5.455227851867676,"y":0.12863552570343018,"z":-1.607974886894226},"rotation":{"x":-0.07300965487957001,"y":0.80367112159729,"z":-0.10082834213972092,"w":-0.5819141268730164},"size":14.188366889953614,"orthographic":false}